name,enrollment_months,first_month,last_month,bool,enrollment_streak,continuous_enrollment,payment_risk
student1,1.0,11.0,11.0,pos,1.0,0,0.6352094594244639
student10,2.0,1.0,2.0,neg,2.0,1,0.6918670073144649
student100,1.0,8.0,8.0,pos,1.0,0,0.6352094594244639
student1000,2.0,5.0,9.0,pos,2.0,1,0.6918670073144649
student101,2.0,1.0,7.0,neg,2.0,1,0.6918670073144649
student102,1.0,3.0,3.0,pos,1.0,0,0.6352094594244639
student103,1.0,3.0,3.0,neg,1.0,0,0.6352094594244639
student104,2.0,2.0,4.0,pos,2.0,1,0.6918670073144649
student105,,,,pos,,0,0.4278326826709708
student106,1.0,12.0,12.0,pos,1.0,0,0.6352094594244639
student107,2.0,2.0,8.0,neg,2.0,1,0.6918670073144649
student108,1.0,7.0,7.0,pos,1.0,0,0.6352094594244639
student109,2.0,6.0,11.0,pos,2.0,1,0.6918670073144649
student11,1.0,4.0,4.0,pos,1.0,0,0.6352094594244639
student110,1.0,3.0,3.0,neg,1.0,0,0.6352094594244639
student111,2.0,3.0,4.0,neg,2.0,1,0.6918670073144649
student112,1.0,10.0,10.0,pos,1.0,0,0.6352094594244639
student113,,,,neg,,0,0.4278326826709708
student114,1.0,4.0,4.0,pos,1.0,0,0.6352094594244639
student115,1.0,8.0,8.0,neg,1.0,0,0.6352094594244639
student116,1.0,11.0,11.0,neg,1.0,0,0.6352094594244639
student117,1.0,7.0,7.0,pos,1.0,0,0.6352094594244639
student118,1.0,5.0,5.0,pos,1.0,0,0.6352094594244639
student119,1.0,6.0,6.0,pos,1.0,0,0.6352094594244639
student12,1.0,12.0,12.0,pos,1.0,0,0.6352094594244639
student120,2.0,2.0,3.0,pos,2.0,1,0.6918670073144649
student121,,,,pos,,0,0.4278326826709708
student122,2.0,1.0,6.0,pos,2.0,1,0.6918670073144649
student123,1.0,2.0,2.0,neg,1.0,0,0.6352094594244639
student124,,,,neg,,0,0.4278326826709708
student125,1.0,2.0,2.0,pos,1.0,0,0.6352094594244639
student126,1.0,10.0,10.0,pos,1.0,0,0.6352094594244639
student127,1.0,7.0,7.0,pos,1.0,0,0.6352094594244639
student128,1.0,13.0,13.0,pos,1.0,0,0.6352094594244639
student129,1.0,9.0,9.0,pos,1.0,0,0.6352094594244639
student13,1.0,5.0,5.0,pos,1.0,0,0.6352094594244639
student130,2.0,2.0,11.0,pos,2.0,1,0.6918670073144649
student131,2.0,2.0,5.0,neg,2.0,1,0.6918670073144649
student132,,,,neg,,0,0.4278326826709708
student133,1.0,13.0,13.0,pos,1.0,0,0.6352094594244639
student134,1.0,8.0,8.0,pos,1.0,0,0.6352094594244639
student135,1.0,12.0,12.0,pos,1.0,0,0.6352094594244639
student136,1.0,6.0,6.0,pos,1.0,0,0.6352094594244639
student137,1.0,5.0,5.0,neg,1.0,0,0.6352094594244639
student138,1.0,9.0,9.0,pos,1.0,0,0.6352094594244639
student139,1.0,10.0,10.0,pos,1.0,0,0.6352094594244639
student14,1.0,2.0,2.0,neg,1.0,0,0.6352094594244639
student140,1.0,12.0,12.0,pos,1.0,0,0.6352094594244639
student141,1.0,8.0,8.0,neg,1.0,0,0.6352094594244639
student142,2.0,4.0,8.0,pos,2.0,1,0.6918670073144649
student143,1.0,9.0,9.0,pos,1.0,0,0.6352094594244639
student144,1.0,5.0,5.0,neg,1.0,0,0.6352094594244639
student145,1.0,5.0,5.0,pos,1.0,0,0.6352094594244639
student146,1.0,8.0,8.0,neg,1.0,0,0.6352094594244639
student147,2.0,2.0,4.0,pos,2.0,1,0.6918670073144649
student148,1.0,10.0,10.0,pos,1.0,0,0.6352094594244639
student149,1.0,10.0,10.0,neg,1.0,0,0.6352094594244639
student15,1.0,7.0,7.0,pos,1.0,0,0.6352094594244639
student150,2.0,3.0,11.0,pos,2.0,1,0.6918670073144649
student151,1.0,10.0,10.0,pos,1.0,0,0.6352094594244639
student152,1.0,12.0,12.0,pos,1.0,0,0.6352094594244639
student153,1.0,3.0,3.0,pos,1.0,0,0.6352094594244639
student154,2.0,1.0,7.0,pos,2.0,1,0.6918670073144649
student155,1.0,8.0,8.0,pos,1.0,0,0.6352094594244639
student156,1.0,3.0,3.0,pos,1.0,0,0.6352094594244639
student157,1.0,8.0,8.0,pos,1.0,0,0.6352094594244639
student158,1.0,10.0,10.0,pos,1.0,0,0.6352094594244639
student159,1.0,4.0,4.0,pos,1.0,0,0.6352094594244639
student16,1.0,2.0,2.0,neg,1.0,0,0.6352094594244639
student160,1.0,4.0,4.0,neg,1.0,0,0.6352094594244639
student161,2.0,1.0,2.0,neg,2.0,1,0.6918670073144649
student162,2.0,2.0,5.0,pos,2.0,1,0.6918670073144649
student163,1.0,14.0,14.0,pos,1.0,0,0.6352094594244639
student164,1.0,12.0,12.0,pos,1.0,0,0.6352094594244639
student165,1.0,10.0,10.0,pos,1.0,0,0.6352094594244639
student166,,,,neg,,0,0.4278326826709708
student167,1.0,10.0,10.0,pos,1.0,0,0.6352094594244639
student168,1.0,3.0,3.0,pos,1.0,0,0.6352094594244639
student169,2.0,2.0,4.0,pos,2.0,1,0.6918670073144649
student17,2.0,1.0,9.0,pos,2.0,1,0.6918670073144649
student170,1.0,10.0,10.0,pos,1.0,0,0.6352094594244639
student171,1.0,12.0,12.0,pos,1.0,0,0.6352094594244639
student172,1.0,9.0,9.0,pos,1.0,0,0.6352094594244639
student173,1.0,11.0,11.0,pos,1.0,0,0.6352094594244639
student174,1.0,13.0,13.0,pos,1.0,0,0.6352094594244639
student175,1.0,15.0,15.0,pos,1.0,0,0.6352094594244639
student176,1.0,9.0,9.0,neg,1.0,0,0.6352094594244639
student177,1.0,4.0,4.0,neg,1.0,0,0.6352094594244639
student178,1.0,12.0,12.0,pos,1.0,0,0.6352094594244639
student179,2.0,5.0,5.0,pos,2.0,1,0.6918670073144649
student18,2.0,4.0,5.0,neg,2.0,1,0.6918670073144649
student180,1.0,3.0,3.0,neg,1.0,0,0.6352094594244639
student181,1.0,11.0,11.0,pos,1.0,0,0.6352094594244639
student182,1.0,3.0,3.0,neg,1.0,0,0.6352094594244639
student183,1.0,10.0,10.0,pos,1.0,0,0.6352094594244639
student184,1.0,6.0,6.0,pos,1.0,0,0.6352094594244639
student185,1.0,7.0,7.0,neg,1.0,0,0.6352094594244639
student186,2.0,2.0,3.0,neg,2.0,1,0.6918670073144649
student187,1.0,4.0,4.0,neg,1.0,0,0.6352094594244639
student188,1.0,9.0,9.0,neg,1.0,0,0.6352094594244639
student189,2.0,3.0,3.0,pos,2.0,1,0.6918670073144649
student19,1.0,9.0,9.0,pos,1.0,0,0.6352094594244639
student190,1.0,3.0,3.0,neg,1.0,0,0.6352094594244639
student191,1.0,2.0,2.0,pos,1.0,0,0.6352094594244639
student192,1.0,3.0,3.0,neg,1.0,0,0.6352094594244639
student193,2.0,6.0,12.0,pos,2.0,1,0.6918670073144649
student194,1.0,3.0,3.0,pos,1.0,0,0.6352094594244639
student195,1.0,11.0,11.0,pos,1.0,0,0.6352094594244639
student196,1.0,10.0,10.0,pos,1.0,0,0.6352094594244639
student197,1.0,6.0,6.0,pos,1.0,0,0.6352094594244639
student198,1.0,6.0,6.0,pos,1.0,0,0.6352094594244639
student199,1.0,10.0,10.0,pos,1.0,0,0.6352094594244639
student2,1.0,11.0,11.0,pos,1.0,0,0.6352094594244639
student20,2.0,2.0,3.0,neg,2.0,1,0.6918670073144649
student200,1.0,10.0,10.0,neg,1.0,0,0.6352094594244639
student201,1.0,2.0,2.0,neg,1.0,0,0.6352094594244639
student202,1.0,4.0,4.0,neg,1.0,0,0.6352094594244639
student203,1.0,11.0,11.0,pos,1.0,0,0.6352094594244639
student204,1.0,3.0,3.0,pos,1.0,0,0.6352094594244639
student205,,,,neg,,0,0.4278326826709708
student206,1.0,4.0,4.0,neg,1.0,0,0.6352094594244639
student207,1.0,11.0,11.0,pos,1.0,0,0.6352094594244639
student208,1.0,14.0,14.0,pos,1.0,0,0.6352094594244639
student209,1.0,12.0,12.0,pos,1.0,0,0.6352094594244639
student21,2.0,3.0,9.0,pos,2.0,1,0.6918670073144649
student210,1.0,14.0,14.0,pos,1.0,0,0.6352094594244639
student211,1.0,15.0,15.0,pos,1.0,0,0.6352094594244639
student212,1.0,4.0,4.0,neg,1.0,0,0.6352094594244639
student213,2.0,5.0,12.0,pos,2.0,1,0.6918670073144649
student214,2.0,5.0,15.0,pos,2.0,1,0.6918670073144649
student215,1.0,3.0,3.0,neg,1.0,0,0.6352094594244639
student216,1.0,6.0,6.0,pos,1.0,0,0.6352094594244639
student217,1.0,10.0,10.0,pos,1.0,0,0.6352094594244639
student218,2.0,3.0,4.0,neg,2.0,1,0.6918670073144649
student219,1.0,8.0,8.0,pos,1.0,0,0.6352094594244639
student22,1.0,5.0,5.0,pos,1.0,0,0.6352094594244639
student220,1.0,6.0,6.0,pos,1.0,0,0.6352094594244639
student221,2.0,4.0,4.0,neg,2.0,1,0.6918670073144649
student222,1.0,15.0,15.0,pos,1.0,0,0.6352094594244639
student223,1.0,7.0,7.0,neg,1.0,0,0.6352094594244639
student224,1.0,8.0,8.0,pos,1.0,0,0.6352094594244639
student225,2.0,4.0,8.0,pos,2.0,1,0.6918670073144649
student226,1.0,9.0,9.0,pos,1.0,0,0.6352094594244639
student227,2.0,6.0,14.0,pos,2.0,1,0.6918670073144649
student228,1.0,12.0,12.0,pos,1.0,0,0.6352094594244639
student229,1.0,15.0,15.0,pos,1.0,0,0.6352094594244639
student23,1.0,12.0,12.0,pos,1.0,0,0.6352094594244639
student230,1.0,11.0,11.0,neg,1.0,0,0.6352094594244639
student231,1.0,11.0,11.0,pos,1.0,0,0.6352094594244639
student232,2.0,6.0,10.0,pos,2.0,1,0.6918670073144649
student233,2.0,2.0,8.0,pos,2.0,1,0.6918670073144649
student234,1.0,8.0,8.0,pos,1.0,0,0.6352094594244639
student235,1.0,7.0,7.0,pos,1.0,0,0.6352094594244639
student236,1.0,3.0,3.0,neg,1.0,0,0.6352094594244639
student237,1.0,8.0,8.0,pos,1.0,0,0.6352094594244639
student238,1.0,7.0,7.0,pos,1.0,0,0.6352094594244639
student239,1.0,8.0,8.0,neg,1.0,0,0.6352094594244639
student24,1.0,10.0,10.0,pos,1.0,0,0.6352094594244639
student240,2.0,2.0,5.0,neg,2.0,1,0.6918670073144649
student241,2.0,3.0,12.0,pos,2.0,1,0.6918670073144649
student242,2.0,3.0,9.0,pos,2.0,1,0.6918670073144649
student243,1.0,8.0,8.0,neg,1.0,0,0.6352094594244639
student244,1.0,8.0,8.0,pos,1.0,0,0.6352094594244639
student245,2.0,1.0,2.0,neg,2.0,1,0.6918670073144649
student246,1.0,6.0,6.0,pos,1.0,0,0.6352094594244639
student247,1.0,4.0,4.0,pos,1.0,0,0.6352094594244639
student248,1.0,2.0,2.0,pos,1.0,0,0.6352094594244639
student249,1.0,10.0,10.0,neg,1.0,0,0.6352094594244639
student25,1.0,10.0,10.0,neg,1.0,0,0.6352094594244639
student250,2.0,5.0,10.0,pos,2.0,1,0.6918670073144649
student251,,,,neg,,0,0.4278326826709708
student252,1.0,4.0,4.0,neg,1.0,0,0.6352094594244639
student253,2.0,1.0,3.0,pos,2.0,1,0.6918670073144649
student254,1.0,8.0,8.0,neg,1.0,0,0.6352094594244639
student255,2.0,1.0,8.0,pos,2.0,1,0.6918670073144649
student256,1.0,5.0,5.0,neg,1.0,0,0.6352094594244639
student257,1.0,12.0,12.0,pos,1.0,0,0.6352094594244639
student258,1.0,1.0,1.0,neg,1.0,0,0.6352094594244639
student259,,,,neg,,0,0.4278326826709708
student26,1.0,5.0,5.0,pos,1.0,0,0.6352094594244639
student260,1.0,7.0,7.0,pos,1.0,0,0.6352094594244639
student261,1.0,8.0,8.0,pos,1.0,0,0.6352094594244639
student262,1.0,3.0,3.0,pos,1.0,0,0.6352094594244639
student263,2.0,2.0,9.0,pos,2.0,1,0.6918670073144649
student264,1.0,9.0,9.0,neg,1.0,0,0.6352094594244639
student265,1.0,4.0,4.0,neg,1.0,0,0.6352094594244639
student266,1.0,5.0,5.0,neg,1.0,0,0.6352094594244639
student267,2.0,2.0,9.0,pos,2.0,1,0.6918670073144649
student268,2.0,2.0,4.0,neg,2.0,1,0.6918670073144649
student269,1.0,1.0,1.0,pos,1.0,0,0.6352094594244639
student27,1.0,1.0,1.0,neg,1.0,0,0.6352094594244639
student270,1.0,10.0,10.0,pos,1.0,0,0.6352094594244639
student271,2.0,5.0,12.0,pos,2.0,1,0.6918670073144649
student272,1.0,7.0,7.0,pos,1.0,0,0.6352094594244639
student273,1.0,10.0,10.0,pos,1.0,0,0.6352094594244639
student274,1.0,8.0,8.0,pos,1.0,0,0.6352094594244639
student275,2.0,3.0,6.0,pos,2.0,1,0.6918670073144649
student276,1.0,4.0,4.0,neg,1.0,0,0.6352094594244639
student277,1.0,4.0,4.0,neg,1.0,0,0.6352094594244639
student278,1.0,2.0,2.0,neg,1.0,0,0.6352094594244639
student279,2.0,5.0,6.0,pos,2.0,1,0.6918670073144649
student28,2.0,3.0,11.0,pos,2.0,1,0.6918670073144649
student280,1.0,11.0,11.0,pos,1.0,0,0.6352094594244639
student281,1.0,5.0,5.0,pos,1.0,0,0.6352094594244639
student282,1.0,4.0,4.0,pos,1.0,0,0.6352094594244639
student283,1.0,10.0,10.0,pos,1.0,0,0.6352094594244639
student284,1.0,10.0,10.0,pos,1.0,0,0.6352094594244639
student285,1.0,4.0,4.0,pos,1.0,0,0.6352094594244639
student286,1.0,9.0,9.0,pos,1.0,0,0.6352094594244639
student287,1.0,1.0,1.0,neg,1.0,0,0.6352094594244639
student288,1.0,11.0,11.0,pos,1.0,0,0.6352094594244639
student289,2.0,1.0,7.0,neg,2.0,1,0.6918670073144649
student29,1.0,4.0,4.0,neg,1.0,0,0.6352094594244639
student290,2.0,3.0,9.0,neg,2.0,1,0.6918670073144649
student291,,,,pos,,0,0.4278326826709708
student292,1.0,1.0,1.0,neg,1.0,0,0.6352094594244639
student293,1.0,12.0,12.0,pos,1.0,0,0.6352094594244639
student294,1.0,10.0,10.0,pos,1.0,0,0.6352094594244639
student295,1.0,7.0,7.0,pos,1.0,0,0.6352094594244639
student296,1.0,9.0,9.0,pos,1.0,0,0.6352094594244639
student297,1.0,1.0,1.0,pos,1.0,0,0.6352094594244639
student298,2.0,3.0,10.0,neg,2.0,1,0.6918670073144649
student299,2.0,3.0,9.0,neg,2.0,1,0.6918670073144649
student3,1.0,1.0,1.0,neg,1.0,0,0.6352094594244639
student30,1.0,7.0,7.0,pos,1.0,0,0.6352094594244639
student300,1.0,3.0,3.0,pos,1.0,0,0.6352094594244639
student301,2.0,2.0,4.0,pos,2.0,1,0.6918670073144649
student302,1.0,4.0,4.0,pos,1.0,0,0.6352094594244639
student303,1.0,9.0,9.0,neg,1.0,0,0.6352094594244639
student304,1.0,7.0,7.0,pos,1.0,0,0.6352094594244639
student305,1.0,10.0,10.0,pos,1.0,0,0.6352094594244639
student306,1.0,10.0,10.0,pos,1.0,0,0.6352094594244639
student307,1.0,8.0,8.0,neg,1.0,0,0.6352094594244639
student308,2.0,5.0,9.0,pos,2.0,1,0.6918670073144649
student309,2.0,3.0,12.0,pos,2.0,1,0.6918670073144649
student31,2.0,4.0,11.0,pos,2.0,1,0.6918670073144649
student310,1.0,3.0,3.0,neg,1.0,0,0.6352094594244639
student311,1.0,4.0,4.0,neg,1.0,0,0.6352094594244639
student312,1.0,5.0,5.0,neg,1.0,0,0.6352094594244639
student313,,,,pos,,0,0.4278326826709708
student314,2.0,5.0,9.0,pos,2.0,1,0.6918670073144649
student315,1.0,14.0,14.0,pos,1.0,0,0.6352094594244639
student316,2.0,6.0,10.0,pos,2.0,1,0.6918670073144649
student317,1.0,1.0,1.0,pos,1.0,0,0.6352094594244639
student318,1.0,4.0,4.0,pos,1.0,0,0.6352094594244639
student319,1.0,1.0,1.0,neg,1.0,0,0.6352094594244639
student32,2.0,5.0,12.0,pos,2.0,1,0.6918670073144649
student320,1.0,4.0,4.0,neg,1.0,0,0.6352094594244639
student321,,,,neg,,0,0.4278326826709708
student322,1.0,8.0,8.0,pos,1.0,0,0.6352094594244639
student323,1.0,9.0,9.0,pos,1.0,0,0.6352094594244639
student324,1.0,4.0,4.0,pos,1.0,0,0.6352094594244639
student325,1.0,3.0,3.0,neg,1.0,0,0.6352094594244639
student326,1.0,5.0,5.0,neg,1.0,0,0.6352094594244639
student327,1.0,2.0,2.0,neg,1.0,0,0.6352094594244639
student328,1.0,9.0,9.0,pos,1.0,0,0.6352094594244639
student329,1.0,3.0,3.0,pos,1.0,0,0.6352094594244639
student33,1.0,11.0,11.0,pos,1.0,0,0.6352094594244639
student330,1.0,8.0,8.0,pos,1.0,0,0.6352094594244639
student331,1.0,11.0,11.0,pos,1.0,0,0.6352094594244639
student332,1.0,1.0,1.0,neg,1.0,0,0.6352094594244639
student333,1.0,12.0,12.0,pos,1.0,0,0.6352094594244639
student334,1.0,7.0,7.0,pos,1.0,0,0.6352094594244639
student335,1.0,2.0,2.0,neg,1.0,0,0.6352094594244639
student336,1.0,12.0,12.0,pos,1.0,0,0.6352094594244639
student337,1.0,4.0,4.0,pos,1.0,0,0.6352094594244639
student338,1.0,7.0,7.0,pos,1.0,0,0.6352094594244639
student339,2.0,3.0,10.0,pos,2.0,1,0.6918670073144649
student34,1.0,8.0,8.0,neg,1.0,0,0.6352094594244639
student340,1.0,12.0,12.0,pos,1.0,0,0.6352094594244639
student341,1.0,2.0,2.0,neg,1.0,0,0.6352094594244639
student342,1.0,12.0,12.0,pos,1.0,0,0.6352094594244639
student343,2.0,3.0,4.0,neg,2.0,1,0.6918670073144649
student344,1.0,10.0,10.0,neg,1.0,0,0.6352094594244639
student345,1.0,5.0,5.0,neg,1.0,0,0.6352094594244639
student346,1.0,12.0,12.0,pos,1.0,0,0.6352094594244639
student347,1.0,12.0,12.0,pos,1.0,0,0.6352094594244639
student348,2.0,4.0,5.0,neg,2.0,1,0.6918670073144649
student349,1.0,3.0,3.0,pos,1.0,0,0.6352094594244639
student35,2.0,3.0,4.0,neg,2.0,1,0.6918670073144649
student350,2.0,3.0,4.0,pos,2.0,1,0.6918670073144649
student351,1.0,9.0,9.0,pos,1.0,0,0.6352094594244639
student352,1.0,10.0,10.0,pos,1.0,0,0.6352094594244639
student353,1.0,2.0,2.0,neg,1.0,0,0.6352094594244639
student354,1.0,13.0,13.0,pos,1.0,0,0.6352094594244639
student355,,,,neg,,0,0.4278326826709708
student356,1.0,3.0,3.0,neg,1.0,0,0.6352094594244639
student357,1.0,9.0,9.0,neg,1.0,0,0.6352094594244639
student358,1.0,4.0,4.0,neg,1.0,0,0.6352094594244639
student359,2.0,1.0,12.0,pos,2.0,1,0.6918670073144649
student36,1.0,11.0,11.0,neg,1.0,0,0.6352094594244639
student360,1.0,11.0,11.0,neg,1.0,0,0.6352094594244639
student361,1.0,5.0,5.0,pos,1.0,0,0.6352094594244639
student362,1.0,4.0,4.0,neg,1.0,0,0.6352094594244639
student363,2.0,2.0,7.0,neg,2.0,1,0.6918670073144649
student364,1.0,3.0,3.0,pos,1.0,0,0.6352094594244639
student365,1.0,5.0,5.0,neg,1.0,0,0.6352094594244639
student366,1.0,5.0,5.0,neg,1.0,0,0.6352094594244639
student367,2.0,1.0,2.0,pos,2.0,1,0.6918670073144649
student368,1.0,4.0,4.0,pos,1.0,0,0.6352094594244639
student369,2.0,2.0,12.0,pos,2.0,1,0.6918670073144649
student37,1.0,9.0,9.0,pos,1.0,0,0.6352094594244639
student370,2.0,4.0,8.0,pos,2.0,1,0.6918670073144649
student371,1.0,10.0,10.0,pos,1.0,0,0.6352094594244639
student372,1.0,1.0,1.0,pos,1.0,0,0.6352094594244639
student373,1.0,9.0,9.0,pos,1.0,0,0.6352094594244639
student374,2.0,2.0,7.0,neg,2.0,1,0.6918670073144649
student375,1.0,7.0,7.0,neg,1.0,0,0.6352094594244639
student376,1.0,6.0,6.0,pos,1.0,0,0.6352094594244639
student377,1.0,2.0,2.0,pos,1.0,0,0.6352094594244639
student378,1.0,11.0,11.0,pos,1.0,0,0.6352094594244639
student379,2.0,1.0,3.0,neg,2.0,1,0.6918670073144649
student38,1.0,11.0,11.0,neg,1.0,0,0.6352094594244639
student380,1.0,11.0,11.0,pos,1.0,0,0.6352094594244639
student381,1.0,10.0,10.0,neg,1.0,0,0.6352094594244639
student382,2.0,1.0,4.0,pos,2.0,1,0.6918670073144649
student383,1.0,5.0,5.0,neg,1.0,0,0.6352094594244639
student384,1.0,12.0,12.0,pos,1.0,0,0.6352094594244639
student385,2.0,5.0,6.0,pos,2.0,1,0.6918670073144649
student386,1.0,9.0,9.0,pos,1.0,0,0.6352094594244639
student387,1.0,3.0,3.0,neg,1.0,0,0.6352094594244639
student388,1.0,8.0,8.0,pos,1.0,0,0.6352094594244639
student389,1.0,6.0,6.0,pos,1.0,0,0.6352094594244639
student39,1.0,6.0,6.0,pos,1.0,0,0.6352094594244639
student390,1.0,4.0,4.0,neg,1.0,0,0.6352094594244639
student391,2.0,4.0,6.0,pos,2.0,1,0.6918670073144649
student392,1.0,8.0,8.0,neg,1.0,0,0.6352094594244639
student393,1.0,9.0,9.0,neg,1.0,0,0.6352094594244639
student394,1.0,4.0,4.0,neg,1.0,0,0.6352094594244639
student395,1.0,10.0,10.0,pos,1.0,0,0.6352094594244639
student396,2.0,1.0,7.0,pos,2.0,1,0.6918670073144649
student397,1.0,8.0,8.0,pos,1.0,0,0.6352094594244639
student398,1.0,11.0,11.0,neg,1.0,0,0.6352094594244639
student399,2.0,1.0,8.0,pos,2.0,1,0.6918670073144649
student4,1.0,6.0,6.0,pos,1.0,0,0.6352094594244639
student40,1.0,11.0,11.0,pos,1.0,0,0.6352094594244639
student400,1.0,7.0,7.0,pos,1.0,0,0.6352094594244639
student401,1.0,15.0,15.0,pos,1.0,0,0.6352094594244639
student402,1.0,11.0,11.0,neg,1.0,0,0.6352094594244639
student403,2.0,6.0,7.0,pos,2.0,1,0.6918670073144649
student404,1.0,9.0,9.0,pos,1.0,0,0.6352094594244639
student405,1.0,11.0,11.0,pos,1.0,0,0.6352094594244639
student406,1.0,4.0,4.0,pos,1.0,0,0.6352094594244639
student407,1.0,12.0,12.0,pos,1.0,0,0.6352094594244639
student408,1.0,6.0,6.0,neg,1.0,0,0.6352094594244639
student409,1.0,4.0,4.0,pos,1.0,0,0.6352094594244639
student41,2.0,2.0,3.0,pos,2.0,1,0.6918670073144649
student410,1.0,9.0,9.0,pos,1.0,0,0.6352094594244639
student411,2.0,3.0,12.0,pos,2.0,1,0.6918670073144649
student412,1.0,1.0,1.0,pos,1.0,0,0.6352094594244639
student413,2.0,3.0,4.0,neg,2.0,1,0.6918670073144649
student414,1.0,9.0,9.0,pos,1.0,0,0.6352094594244639
student415,2.0,1.0,5.0,pos,2.0,1,0.6918670073144649
student416,1.0,9.0,9.0,pos,1.0,0,0.6352094594244639
student417,1.0,10.0,10.0,pos,1.0,0,0.6352094594244639
student418,1.0,5.0,5.0,neg,1.0,0,0.6352094594244639
student419,1.0,5.0,5.0,neg,1.0,0,0.6352094594244639
student42,1.0,15.0,15.0,pos,1.0,0,0.6352094594244639
student420,1.0,6.0,6.0,pos,1.0,0,0.6352094594244639
student421,2.0,3.0,6.0,pos,2.0,1,0.6918670073144649
student422,1.0,12.0,12.0,pos,1.0,0,0.6352094594244639
student423,1.0,10.0,10.0,pos,1.0,0,0.6352094594244639
student424,1.0,7.0,7.0,neg,1.0,0,0.6352094594244639
student425,1.0,11.0,11.0,pos,1.0,0,0.6352094594244639
student426,1.0,2.0,2.0,neg,1.0,0,0.6352094594244639
student427,1.0,5.0,5.0,neg,1.0,0,0.6352094594244639
student428,1.0,6.0,6.0,pos,1.0,0,0.6352094594244639
student429,1.0,12.0,12.0,pos,1.0,0,0.6352094594244639
student43,2.0,3.0,10.0,pos,2.0,1,0.6918670073144649
student430,1.0,9.0,9.0,pos,1.0,0,0.6352094594244639
student431,,,,pos,,0,0.4278326826709708
student432,1.0,9.0,9.0,pos,1.0,0,0.6352094594244639
student433,1.0,4.0,4.0,pos,1.0,0,0.6352094594244639
student434,,,,neg,,0,0.4278326826709708
student435,1.0,6.0,6.0,neg,1.0,0,0.6352094594244639
student436,1.0,7.0,7.0,pos,1.0,0,0.6352094594244639
student437,1.0,2.0,2.0,neg,1.0,0,0.6352094594244639
student438,1.0,8.0,8.0,pos,1.0,0,0.6352094594244639
student439,1.0,10.0,10.0,pos,1.0,0,0.6352094594244639
student44,2.0,1.0,1.0,neg,2.0,1,0.6918670073144649
student440,2.0,6.0,9.0,pos,2.0,1,0.6918670073144649
student441,2.0,1.0,12.0,pos,2.0,1,0.6918670073144649
student442,1.0,7.0,7.0,pos,1.0,0,0.6352094594244639
student443,,,,pos,,0,0.4278326826709708
student444,1.0,7.0,7.0,pos,1.0,0,0.6352094594244639
student445,1.0,6.0,6.0,neg,1.0,0,0.6352094594244639
student446,1.0,10.0,10.0,pos,1.0,0,0.6352094594244639
student447,1.0,7.0,7.0,pos,1.0,0,0.6352094594244639
student448,1.0,9.0,9.0,pos,1.0,0,0.6352094594244639
student449,1.0,5.0,5.0,neg,1.0,0,0.6352094594244639
student45,1.0,10.0,10.0,pos,1.0,0,0.6352094594244639
student450,2.0,1.0,5.0,pos,2.0,1,0.6918670073144649
student451,1.0,8.0,8.0,neg,1.0,0,0.6352094594244639
student452,1.0,3.0,3.0,pos,1.0,0,0.6352094594244639
student453,1.0,7.0,7.0,neg,1.0,0,0.6352094594244639
student454,1.0,3.0,3.0,neg,1.0,0,0.6352094594244639
student455,1.0,4.0,4.0,neg,1.0,0,0.6352094594244639
student456,1.0,4.0,4.0,neg,1.0,0,0.6352094594244639
student457,2.0,3.0,8.0,neg,2.0,1,0.6918670073144649
student458,1.0,3.0,3.0,pos,1.0,0,0.6352094594244639
student459,1.0,12.0,12.0,pos,1.0,0,0.6352094594244639
student46,1.0,10.0,10.0,pos,1.0,0,0.6352094594244639
student460,1.0,1.0,1.0,neg,1.0,0,0.6352094594244639
student461,1.0,5.0,5.0,neg,1.0,0,0.6352094594244639
student462,1.0,4.0,4.0,neg,1.0,0,0.6352094594244639
student463,2.0,1.0,3.0,neg,2.0,1,0.6918670073144649
student464,,,,neg,,0,0.4278326826709708
student465,1.0,12.0,12.0,pos,1.0,0,0.6352094594244639
student466,1.0,5.0,5.0,neg,1.0,0,0.6352094594244639
student467,1.0,3.0,3.0,pos,1.0,0,0.6352094594244639
student468,1.0,14.0,14.0,pos,1.0,0,0.6352094594244639
student469,1.0,1.0,1.0,neg,1.0,0,0.6352094594244639
student47,2.0,2.0,3.0,neg,2.0,1,0.6918670073144649
student470,2.0,1.0,6.0,pos,2.0,1,0.6918670073144649
student471,1.0,5.0,5.0,neg,1.0,0,0.6352094594244639
student472,2.0,2.0,6.0,pos,2.0,1,0.6918670073144649
student473,1.0,8.0,8.0,pos,1.0,0,0.6352094594244639
student474,1.0,3.0,3.0,pos,1.0,0,0.6352094594244639
student475,1.0,9.0,9.0,pos,1.0,0,0.6352094594244639
student476,1.0,10.0,10.0,pos,1.0,0,0.6352094594244639
student477,1.0,5.0,5.0,pos,1.0,0,0.6352094594244639
student478,1.0,5.0,5.0,neg,1.0,0,0.6352094594244639
student479,1.0,12.0,12.0,pos,1.0,0,0.6352094594244639
student48,1.0,1.0,1.0,pos,1.0,0,0.6352094594244639
student480,1.0,6.0,6.0,pos,1.0,0,0.6352094594244639
student481,2.0,2.0,3.0,pos,2.0,1,0.6918670073144649
student482,1.0,7.0,7.0,neg,1.0,0,0.6352094594244639
student483,1.0,3.0,3.0,neg,1.0,0,0.6352094594244639
student484,1.0,9.0,9.0,neg,1.0,0,0.6352094594244639
student485,1.0,5.0,5.0,pos,1.0,0,0.6352094594244639
student486,2.0,4.0,14.0,pos,2.0,1,0.6918670073144649
student487,2.0,3.0,4.0,neg,2.0,1,0.6918670073144649
student488,1.0,13.0,13.0,pos,1.0,0,0.6352094594244639
student489,,,,neg,,0,0.4278326826709708
student49,1.0,11.0,11.0,pos,1.0,0,0.6352094594244639
student490,1.0,10.0,10.0,pos,1.0,0,0.6352094594244639
student491,1.0,9.0,9.0,pos,1.0,0,0.6352094594244639
student492,1.0,12.0,12.0,pos,1.0,0,0.6352094594244639
student493,1.0,3.0,3.0,pos,1.0,0,0.6352094594244639
student494,1.0,4.0,4.0,pos,1.0,0,0.6352094594244639
student495,1.0,1.0,1.0,pos,1.0,0,0.6352094594244639
student496,,,,pos,,0,0.4278326826709708
student497,2.0,4.0,9.0,pos,2.0,1,0.6918670073144649
student498,2.0,4.0,10.0,pos,2.0,1,0.6918670073144649
student499,1.0,1.0,1.0,neg,1.0,0,0.6352094594244639
student5,1.0,5.0,5.0,neg,1.0,0,0.6352094594244639
student50,1.0,11.0,11.0,pos,1.0,0,0.6352094594244639
student500,2.0,4.0,8.0,pos,2.0,1,0.6918670073144649
student501,2.0,4.0,7.0,neg,2.0,1,0.6918670073144649
student502,2.0,3.0,6.0,pos,2.0,1,0.6918670073144649
student503,1.0,8.0,8.0,pos,1.0,0,0.6352094594244639
student504,1.0,2.0,2.0,pos,1.0,0,0.6352094594244639
student505,2.0,2.0,5.0,pos,2.0,1,0.6918670073144649
student506,1.0,4.0,4.0,neg,1.0,0,0.6352094594244639
student507,1.0,1.0,1.0,neg,1.0,0,0.6352094594244639
student508,1.0,11.0,11.0,pos,1.0,0,0.6352094594244639
student509,1.0,6.0,6.0,neg,1.0,0,0.6352094594244639
student51,1.0,5.0,5.0,pos,1.0,0,0.6352094594244639
student510,1.0,10.0,10.0,neg,1.0,0,0.6352094594244639
student511,1.0,12.0,12.0,pos,1.0,0,0.6352094594244639
student512,1.0,5.0,5.0,pos,1.0,0,0.6352094594244639
student513,2.0,2.0,4.0,neg,2.0,1,0.6918670073144649
student514,2.0,2.0,10.0,neg,2.0,1,0.6918670073144649
student515,1.0,9.0,9.0,pos,1.0,0,0.6352094594244639
student516,1.0,9.0,9.0,neg,1.0,0,0.6352094594244639
student517,1.0,12.0,12.0,pos,1.0,0,0.6352094594244639
student518,2.0,4.0,7.0,neg,2.0,1,0.6918670073144649
student519,1.0,13.0,13.0,pos,1.0,0,0.6352094594244639
student52,2.0,3.0,12.0,pos,2.0,1,0.6918670073144649
student520,1.0,3.0,3.0,neg,1.0,0,0.6352094594244639
student521,1.0,2.0,2.0,neg,1.0,0,0.6352094594244639
student522,1.0,3.0,3.0,pos,1.0,0,0.6352094594244639
student523,2.0,2.0,2.0,pos,2.0,1,0.6918670073144649
student524,,,,neg,,0,0.4278326826709708
student525,2.0,3.0,10.0,neg,2.0,1,0.6918670073144649
student526,1.0,4.0,4.0,pos,1.0,0,0.6352094594244639
student527,1.0,1.0,1.0,pos,1.0,0,0.6352094594244639
student528,2.0,3.0,9.0,neg,2.0,1,0.6918670073144649
student529,1.0,8.0,8.0,pos,1.0,0,0.6352094594244639
student53,1.0,2.0,2.0,neg,1.0,0,0.6352094594244639
student530,2.0,6.0,9.0,pos,2.0,1,0.6918670073144649
student531,1.0,11.0,11.0,pos,1.0,0,0.6352094594244639
student532,2.0,1.0,6.0,neg,2.0,1,0.6918670073144649
student533,2.0,4.0,6.0,pos,2.0,1,0.6918670073144649
student534,1.0,7.0,7.0,pos,1.0,0,0.6352094594244639
student535,2.0,2.0,4.0,neg,2.0,1,0.6918670073144649
student536,1.0,10.0,10.0,pos,1.0,0,0.6352094594244639
student537,1.0,7.0,7.0,neg,1.0,0,0.6352094594244639
student538,2.0,6.0,6.0,pos,2.0,1,0.6918670073144649
student539,1.0,12.0,12.0,pos,1.0,0,0.6352094594244639
student54,1.0,3.0,3.0,neg,1.0,0,0.6352094594244639
student540,1.0,8.0,8.0,neg,1.0,0,0.6352094594244639
student541,1.0,11.0,11.0,pos,1.0,0,0.6352094594244639
student542,1.0,4.0,4.0,neg,1.0,0,0.6352094594244639
student543,1.0,4.0,4.0,neg,1.0,0,0.6352094594244639
student544,1.0,6.0,6.0,pos,1.0,0,0.6352094594244639
student545,1.0,7.0,7.0,neg,1.0,0,0.6352094594244639
student546,1.0,1.0,1.0,pos,1.0,0,0.6352094594244639
student547,1.0,6.0,6.0,pos,1.0,0,0.6352094594244639
student548,1.0,2.0,2.0,neg,1.0,0,0.6352094594244639
student549,1.0,6.0,6.0,neg,1.0,0,0.6352094594244639
student55,1.0,10.0,10.0,neg,1.0,0,0.6352094594244639
student550,1.0,12.0,12.0,pos,1.0,0,0.6352094594244639
student551,2.0,4.0,6.0,neg,2.0,1,0.6918670073144649
student552,2.0,1.0,8.0,neg,2.0,1,0.6918670073144649
student553,1.0,14.0,14.0,pos,1.0,0,0.6352094594244639
student554,1.0,12.0,12.0,pos,1.0,0,0.6352094594244639
student555,2.0,4.0,12.0,pos,2.0,1,0.6918670073144649
student556,1.0,11.0,11.0,pos,1.0,0,0.6352094594244639
student557,1.0,3.0,3.0,neg,1.0,0,0.6352094594244639
student558,,,,neg,,0,0.4278326826709708
student559,1.0,3.0,3.0,pos,1.0,0,0.6352094594244639
student56,,,,neg,,0,0.4278326826709708
student560,1.0,8.0,8.0,pos,1.0,0,0.6352094594244639
student561,1.0,5.0,5.0,neg,1.0,0,0.6352094594244639
student562,,,,pos,,0,0.4278326826709708
student563,1.0,10.0,10.0,neg,1.0,0,0.6352094594244639
student564,2.0,1.0,1.0,neg,2.0,1,0.6918670073144649
student565,1.0,1.0,1.0,pos,1.0,0,0.6352094594244639
student566,1.0,3.0,3.0,neg,1.0,0,0.6352094594244639
student567,1.0,10.0,10.0,pos,1.0,0,0.6352094594244639
student568,1.0,5.0,5.0,pos,1.0,0,0.6352094594244639
student569,1.0,6.0,6.0,pos,1.0,0,0.6352094594244639
student57,1.0,4.0,4.0,pos,1.0,0,0.6352094594244639
student570,1.0,10.0,10.0,pos,1.0,0,0.6352094594244639
student571,2.0,2.0,2.0,neg,2.0,1,0.6918670073144649
student572,1.0,11.0,11.0,pos,1.0,0,0.6352094594244639
student573,1.0,12.0,12.0,pos,1.0,0,0.6352094594244639
student574,2.0,3.0,6.0,neg,2.0,1,0.6918670073144649
student575,1.0,11.0,11.0,pos,1.0,0,0.6352094594244639
student576,2.0,1.0,12.0,pos,2.0,1,0.6918670073144649
student577,1.0,11.0,11.0,neg,1.0,0,0.6352094594244639
student578,2.0,4.0,7.0,pos,2.0,1,0.6918670073144649
student579,1.0,12.0,12.0,pos,1.0,0,0.6352094594244639
student58,1.0,4.0,4.0,neg,1.0,0,0.6352094594244639
student580,1.0,9.0,9.0,pos,1.0,0,0.6352094594244639
student581,1.0,8.0,8.0,pos,1.0,0,0.6352094594244639
student582,1.0,10.0,10.0,neg,1.0,0,0.6352094594244639
student583,2.0,1.0,10.0,pos,2.0,1,0.6918670073144649
student584,2.0,3.0,6.0,pos,2.0,1,0.6918670073144649
student585,1.0,14.0,14.0,pos,1.0,0,0.6352094594244639
student586,1.0,1.0,1.0,neg,1.0,0,0.6352094594244639
student587,1.0,11.0,11.0,pos,1.0,0,0.6352094594244639
student588,1.0,10.0,10.0,pos,1.0,0,0.6352094594244639
student589,1.0,4.0,4.0,pos,1.0,0,0.6352094594244639
student59,2.0,6.0,15.0,pos,2.0,1,0.6918670073144649
student590,2.0,4.0,9.0,pos,2.0,1,0.6918670073144649
student591,1.0,11.0,11.0,pos,1.0,0,0.6352094594244639
student592,1.0,10.0,10.0,pos,1.0,0,0.6352094594244639
student593,1.0,1.0,1.0,pos,1.0,0,0.6352094594244639
student594,1.0,9.0,9.0,pos,1.0,0,0.6352094594244639
student595,2.0,4.0,9.0,pos,2.0,1,0.6918670073144649
student596,1.0,10.0,10.0,pos,1.0,0,0.6352094594244639
student597,1.0,9.0,9.0,neg,1.0,0,0.6352094594244639
student598,2.0,5.0,11.0,pos,2.0,1,0.6918670073144649
student599,1.0,15.0,15.0,pos,1.0,0,0.6352094594244639
student6,2.0,3.0,12.0,pos,2.0,1,0.6918670073144649
student60,2.0,3.0,9.0,neg,2.0,1,0.6918670073144649
student600,1.0,12.0,12.0,pos,1.0,0,0.6352094594244639
student601,1.0,4.0,4.0,pos,1.0,0,0.6352094594244639
student602,2.0,3.0,4.0,pos,2.0,1,0.6918670073144649
student603,,,,pos,,0,0.4278326826709708
student604,2.0,4.0,4.0,neg,2.0,1,0.6918670073144649
student605,2.0,1.0,4.0,pos,2.0,1,0.6918670073144649
student606,2.0,6.0,6.0,pos,2.0,1,0.6918670073144649
student607,1.0,9.0,9.0,pos,1.0,0,0.6352094594244639
student608,1.0,12.0,12.0,pos,1.0,0,0.6352094594244639
student609,2.0,3.0,6.0,pos,2.0,1,0.6918670073144649
student61,1.0,8.0,8.0,neg,1.0,0,0.6352094594244639
student610,1.0,9.0,9.0,pos,1.0,0,0.6352094594244639
student611,1.0,1.0,1.0,pos,1.0,0,0.6352094594244639
student612,2.0,1.0,7.0,pos,2.0,1,0.6918670073144649
student613,1.0,8.0,8.0,pos,1.0,0,0.6352094594244639
student614,1.0,12.0,12.0,pos,1.0,0,0.6352094594244639
student615,2.0,3.0,3.0,pos,2.0,1,0.6918670073144649
student616,1.0,10.0,10.0,pos,1.0,0,0.6352094594244639
student617,1.0,9.0,9.0,pos,1.0,0,0.6352094594244639
student618,1.0,5.0,5.0,neg,1.0,0,0.6352094594244639
student619,2.0,6.0,12.0,pos,2.0,1,0.6918670073144649
student62,2.0,3.0,6.0,pos,2.0,1,0.6918670073144649
student620,1.0,13.0,13.0,pos,1.0,0,0.6352094594244639
student621,1.0,8.0,8.0,pos,1.0,0,0.6352094594244639
student622,1.0,3.0,3.0,neg,1.0,0,0.6352094594244639
student623,2.0,3.0,3.0,neg,2.0,1,0.6918670073144649
student624,2.0,3.0,6.0,pos,2.0,1,0.6918670073144649
student625,1.0,11.0,11.0,pos,1.0,0,0.6352094594244639
student626,1.0,14.0,14.0,pos,1.0,0,0.6352094594244639
student627,1.0,9.0,9.0,pos,1.0,0,0.6352094594244639
student628,1.0,1.0,1.0,pos,1.0,0,0.6352094594244639
student629,2.0,1.0,12.0,pos,2.0,1,0.6918670073144649
student63,1.0,8.0,8.0,pos,1.0,0,0.6352094594244639
student630,1.0,1.0,1.0,neg,1.0,0,0.6352094594244639
student631,1.0,8.0,8.0,pos,1.0,0,0.6352094594244639
student632,1.0,13.0,13.0,pos,1.0,0,0.6352094594244639
student633,1.0,2.0,2.0,neg,1.0,0,0.6352094594244639
student634,1.0,12.0,12.0,pos,1.0,0,0.6352094594244639
student635,1.0,15.0,15.0,pos,1.0,0,0.6352094594244639
student636,1.0,1.0,1.0,neg,1.0,0,0.6352094594244639
student637,1.0,5.0,5.0,neg,1.0,0,0.6352094594244639
student638,1.0,12.0,12.0,pos,1.0,0,0.6352094594244639
student639,1.0,8.0,8.0,neg,1.0,0,0.6352094594244639
student64,2.0,4.0,4.0,pos,2.0,1,0.6918670073144649
student640,1.0,7.0,7.0,neg,1.0,0,0.6352094594244639
student641,1.0,9.0,9.0,pos,1.0,0,0.6352094594244639
student642,1.0,9.0,9.0,pos,1.0,0,0.6352094594244639
student643,1.0,4.0,4.0,neg,1.0,0,0.6352094594244639
student644,1.0,5.0,5.0,neg,1.0,0,0.6352094594244639
student645,1.0,5.0,5.0,pos,1.0,0,0.6352094594244639
student646,1.0,10.0,10.0,pos,1.0,0,0.6352094594244639
student647,1.0,12.0,12.0,pos,1.0,0,0.6352094594244639
student648,1.0,5.0,5.0,neg,1.0,0,0.6352094594244639
student649,1.0,6.0,6.0,pos,1.0,0,0.6352094594244639
student65,,,,pos,,0,0.4278326826709708
student650,2.0,3.0,5.0,pos,2.0,1,0.6918670073144649
student651,1.0,11.0,11.0,pos,1.0,0,0.6352094594244639
student652,1.0,5.0,5.0,pos,1.0,0,0.6352094594244639
student653,1.0,6.0,6.0,neg,1.0,0,0.6352094594244639
student654,,,,neg,,0,0.4278326826709708
student655,1.0,11.0,11.0,pos,1.0,0,0.6352094594244639
student656,1.0,9.0,9.0,pos,1.0,0,0.6352094594244639
student657,1.0,3.0,3.0,neg,1.0,0,0.6352094594244639
student658,2.0,3.0,6.0,pos,2.0,1,0.6918670073144649
student659,1.0,1.0,1.0,pos,1.0,0,0.6352094594244639
student66,1.0,10.0,10.0,pos,1.0,0,0.6352094594244639
student660,1.0,5.0,5.0,pos,1.0,0,0.6352094594244639
student661,1.0,4.0,4.0,pos,1.0,0,0.6352094594244639
student662,1.0,3.0,3.0,pos,1.0,0,0.6352094594244639
student663,1.0,5.0,5.0,pos,1.0,0,0.6352094594244639
student664,,,,pos,,0,0.4278326826709708
student665,1.0,12.0,12.0,pos,1.0,0,0.6352094594244639
student666,1.0,8.0,8.0,pos,1.0,0,0.6352094594244639
student667,1.0,10.0,10.0,pos,1.0,0,0.6352094594244639
student668,1.0,7.0,7.0,pos,1.0,0,0.6352094594244639
student669,1.0,4.0,4.0,neg,1.0,0,0.6352094594244639
student67,1.0,2.0,2.0,neg,1.0,0,0.6352094594244639
student670,2.0,3.0,9.0,pos,2.0,1,0.6918670073144649
student671,1.0,4.0,4.0,neg,1.0,0,0.6352094594244639
student672,1.0,7.0,7.0,pos,1.0,0,0.6352094594244639
student673,1.0,7.0,7.0,pos,1.0,0,0.6352094594244639
student674,1.0,10.0,10.0,pos,1.0,0,0.6352094594244639
student675,2.0,2.0,3.0,neg,2.0,1,0.6918670073144649
student676,1.0,3.0,3.0,pos,1.0,0,0.6352094594244639
student677,1.0,10.0,10.0,pos,1.0,0,0.6352094594244639
student678,2.0,1.0,6.0,pos,2.0,1,0.6918670073144649
student679,1.0,8.0,8.0,pos,1.0,0,0.6352094594244639
student68,2.0,1.0,10.0,pos,2.0,1,0.6918670073144649
student680,2.0,1.0,1.0,pos,2.0,1,0.6918670073144649
student681,1.0,5.0,5.0,neg,1.0,0,0.6352094594244639
student682,2.0,5.0,10.0,pos,2.0,1,0.6918670073144649
student683,1.0,10.0,10.0,neg,1.0,0,0.6352094594244639
student684,1.0,9.0,9.0,pos,1.0,0,0.6352094594244639
student685,1.0,9.0,9.0,neg,1.0,0,0.6352094594244639
student686,1.0,7.0,7.0,pos,1.0,0,0.6352094594244639
student687,,,,neg,,0,0.4278326826709708
student688,1.0,8.0,8.0,pos,1.0,0,0.6352094594244639
student689,1.0,14.0,14.0,pos,1.0,0,0.6352094594244639
student69,2.0,2.0,3.0,pos,2.0,1,0.6918670073144649
student690,2.0,1.0,11.0,pos,2.0,1,0.6918670073144649
student691,1.0,9.0,9.0,neg,1.0,0,0.6352094594244639
student692,1.0,9.0,9.0,neg,1.0,0,0.6352094594244639
student693,1.0,2.0,2.0,neg,1.0,0,0.6352094594244639
student694,1.0,3.0,3.0,neg,1.0,0,0.6352094594244639
student695,1.0,2.0,2.0,neg,1.0,0,0.6352094594244639
student696,1.0,11.0,11.0,pos,1.0,0,0.6352094594244639
student697,1.0,1.0,1.0,pos,1.0,0,0.6352094594244639
student698,2.0,6.0,14.0,pos,2.0,1,0.6918670073144649
student699,1.0,2.0,2.0,pos,1.0,0,0.6352094594244639
student7,,,,pos,,0,0.4278326826709708
student70,1.0,8.0,8.0,pos,1.0,0,0.6352094594244639
student700,1.0,15.0,15.0,pos,1.0,0,0.6352094594244639
student701,1.0,11.0,11.0,pos,1.0,0,0.6352094594244639
student702,2.0,4.0,9.0,pos,2.0,1,0.6918670073144649
student703,1.0,10.0,10.0,neg,1.0,0,0.6352094594244639
student704,1.0,3.0,3.0,neg,1.0,0,0.6352094594244639
student705,1.0,12.0,12.0,pos,1.0,0,0.6352094594244639
student706,1.0,8.0,8.0,neg,1.0,0,0.6352094594244639
student707,1.0,8.0,8.0,neg,1.0,0,0.6352094594244639
student708,1.0,6.0,6.0,neg,1.0,0,0.6352094594244639
student709,1.0,12.0,12.0,pos,1.0,0,0.6352094594244639
student71,1.0,7.0,7.0,neg,1.0,0,0.6352094594244639
student710,2.0,5.0,10.0,pos,2.0,1,0.6918670073144649
student711,1.0,11.0,11.0,neg,1.0,0,0.6352094594244639
student712,1.0,5.0,5.0,pos,1.0,0,0.6352094594244639
student713,1.0,5.0,5.0,neg,1.0,0,0.6352094594244639
student714,1.0,2.0,2.0,pos,1.0,0,0.6352094594244639
student715,1.0,1.0,1.0,neg,1.0,0,0.6352094594244639
student716,1.0,10.0,10.0,neg,1.0,0,0.6352094594244639
student717,1.0,12.0,12.0,pos,1.0,0,0.6352094594244639
student718,1.0,9.0,9.0,neg,1.0,0,0.6352094594244639
student719,1.0,10.0,10.0,pos,1.0,0,0.6352094594244639
student72,1.0,14.0,14.0,pos,1.0,0,0.6352094594244639
student720,1.0,2.0,2.0,neg,1.0,0,0.6352094594244639
student721,1.0,10.0,10.0,pos,1.0,0,0.6352094594244639
student722,2.0,2.0,3.0,neg,2.0,1,0.6918670073144649
student723,2.0,1.0,12.0,pos,2.0,1,0.6918670073144649
student724,1.0,7.0,7.0,pos,1.0,0,0.6352094594244639
student725,1.0,4.0,4.0,neg,1.0,0,0.6352094594244639
student726,2.0,2.0,3.0,neg,2.0,1,0.6918670073144649
student727,1.0,15.0,15.0,pos,1.0,0,0.6352094594244639
student728,,,,neg,,0,0.4278326826709708
student729,1.0,10.0,10.0,pos,1.0,0,0.6352094594244639
student73,1.0,10.0,10.0,pos,1.0,0,0.6352094594244639
student730,1.0,9.0,9.0,neg,1.0,0,0.6352094594244639
student731,1.0,2.0,2.0,neg,1.0,0,0.6352094594244639
student732,1.0,11.0,11.0,pos,1.0,0,0.6352094594244639
student733,1.0,4.0,4.0,pos,1.0,0,0.6352094594244639
student734,1.0,4.0,4.0,pos,1.0,0,0.6352094594244639
student735,2.0,6.0,11.0,pos,2.0,1,0.6918670073144649
student736,1.0,1.0,1.0,neg,1.0,0,0.6352094594244639
student737,2.0,1.0,10.0,neg,2.0,1,0.6918670073144649
student738,2.0,5.0,12.0,pos,2.0,1,0.6918670073144649
student739,1.0,10.0,10.0,pos,1.0,0,0.6352094594244639
student74,1.0,3.0,3.0,neg,1.0,0,0.6352094594244639
student740,2.0,2.0,10.0,pos,2.0,1,0.6918670073144649
student741,1.0,6.0,6.0,pos,1.0,0,0.6352094594244639
student742,1.0,9.0,9.0,pos,1.0,0,0.6352094594244639
student743,1.0,11.0,11.0,pos,1.0,0,0.6352094594244639
student744,2.0,4.0,7.0,pos,2.0,1,0.6918670073144649
student745,1.0,10.0,10.0,pos,1.0,0,0.6352094594244639
student746,1.0,6.0,6.0,pos,1.0,0,0.6352094594244639
student747,1.0,2.0,2.0,pos,1.0,0,0.6352094594244639
student748,1.0,6.0,6.0,pos,1.0,0,0.6352094594244639
student749,1.0,6.0,6.0,pos,1.0,0,0.6352094594244639
student75,2.0,4.0,8.0,pos,2.0,1,0.6918670073144649
student750,1.0,7.0,7.0,pos,1.0,0,0.6352094594244639
student751,1.0,8.0,8.0,pos,1.0,0,0.6352094594244639
student752,1.0,1.0,1.0,neg,1.0,0,0.6352094594244639
student753,2.0,3.0,15.0,pos,2.0,1,0.6918670073144649
student754,,,,pos,,0,0.4278326826709708
student755,1.0,7.0,7.0,neg,1.0,0,0.6352094594244639
student756,1.0,2.0,2.0,neg,1.0,0,0.6352094594244639
student757,1.0,11.0,11.0,pos,1.0,0,0.6352094594244639
student758,1.0,2.0,2.0,pos,1.0,0,0.6352094594244639
student759,1.0,11.0,11.0,neg,1.0,0,0.6352094594244639
student76,1.0,1.0,1.0,neg,1.0,0,0.6352094594244639
student760,1.0,2.0,2.0,pos,1.0,0,0.6352094594244639
student761,1.0,13.0,13.0,pos,1.0,0,0.6352094594244639
student762,1.0,12.0,12.0,pos,1.0,0,0.6352094594244639
student763,1.0,5.0,5.0,neg,1.0,0,0.6352094594244639
student764,1.0,9.0,9.0,pos,1.0,0,0.6352094594244639
student765,1.0,11.0,11.0,pos,1.0,0,0.6352094594244639
student766,1.0,3.0,3.0,neg,1.0,0,0.6352094594244639
student767,1.0,1.0,1.0,neg,1.0,0,0.6352094594244639
student768,1.0,11.0,11.0,pos,1.0,0,0.6352094594244639
student769,2.0,5.0,10.0,pos,2.0,1,0.6918670073144649
student77,1.0,9.0,9.0,pos,1.0,0,0.6352094594244639
student770,1.0,6.0,6.0,pos,1.0,0,0.6352094594244639
student771,,,,neg,,0,0.4278326826709708
student772,1.0,4.0,4.0,neg,1.0,0,0.6352094594244639
student773,2.0,5.0,9.0,pos,2.0,1,0.6918670073144649
student774,1.0,11.0,11.0,pos,1.0,0,0.6352094594244639
student775,1.0,6.0,6.0,pos,1.0,0,0.6352094594244639
student776,1.0,9.0,9.0,pos,1.0,0,0.6352094594244639
student777,2.0,2.0,4.0,neg,2.0,1,0.6918670073144649
student778,2.0,1.0,12.0,pos,2.0,1,0.6918670073144649
student779,1.0,7.0,7.0,pos,1.0,0,0.6352094594244639
student78,2.0,1.0,2.0,neg,2.0,1,0.6918670073144649
student780,1.0,1.0,1.0,pos,1.0,0,0.6352094594244639
student781,1.0,7.0,7.0,pos,1.0,0,0.6352094594244639
student782,1.0,5.0,5.0,neg,1.0,0,0.6352094594244639
student783,1.0,9.0,9.0,pos,1.0,0,0.6352094594244639
student784,1.0,1.0,1.0,neg,1.0,0,0.6352094594244639
student785,2.0,4.0,9.0,pos,2.0,1,0.6918670073144649
student786,1.0,1.0,1.0,neg,1.0,0,0.6352094594244639
student787,2.0,2.0,8.0,pos,2.0,1,0.6918670073144649
student788,1.0,11.0,11.0,pos,1.0,0,0.6352094594244639
student789,1.0,2.0,2.0,pos,1.0,0,0.6352094594244639
student79,1.0,9.0,9.0,pos,1.0,0,0.6352094594244639
student790,1.0,6.0,6.0,pos,1.0,0,0.6352094594244639
student791,2.0,1.0,11.0,neg,2.0,1,0.6918670073144649
student792,2.0,3.0,15.0,pos,2.0,1,0.6918670073144649
student793,,,,neg,,0,0.4278326826709708
student794,1.0,10.0,10.0,pos,1.0,0,0.6352094594244639
student795,1.0,4.0,4.0,pos,1.0,0,0.6352094594244639
student796,2.0,2.0,9.0,neg,2.0,1,0.6918670073144649
student797,1.0,7.0,7.0,pos,1.0,0,0.6352094594244639
student798,2.0,3.0,11.0,pos,2.0,1,0.6918670073144649
student799,,,,neg,,0,0.4278326826709708
student8,2.0,4.0,7.0,pos,2.0,1,0.6918670073144649
student80,1.0,11.0,11.0,pos,1.0,0,0.6352094594244639
student800,1.0,12.0,12.0,pos,1.0,0,0.6352094594244639
student801,1.0,4.0,4.0,neg,1.0,0,0.6352094594244639
student802,1.0,7.0,7.0,neg,1.0,0,0.6352094594244639
student803,1.0,10.0,10.0,pos,1.0,0,0.6352094594244639
student804,1.0,4.0,4.0,pos,1.0,0,0.6352094594244639
student805,1.0,1.0,1.0,pos,1.0,0,0.6352094594244639
student806,1.0,12.0,12.0,pos,1.0,0,0.6352094594244639
student807,1.0,3.0,3.0,pos,1.0,0,0.6352094594244639
student808,1.0,10.0,10.0,pos,1.0,0,0.6352094594244639
student809,1.0,11.0,11.0,pos,1.0,0,0.6352094594244639
student81,1.0,11.0,11.0,pos,1.0,0,0.6352094594244639
student810,2.0,1.0,4.0,neg,2.0,1,0.6918670073144649
student811,1.0,3.0,3.0,neg,1.0,0,0.6352094594244639
student812,2.0,2.0,2.0,pos,2.0,1,0.6918670073144649
student813,1.0,7.0,7.0,neg,1.0,0,0.6352094594244639
student814,1.0,7.0,7.0,pos,1.0,0,0.6352094594244639
student815,,,,neg,,0,0.4278326826709708
student816,2.0,1.0,1.0,neg,2.0,1,0.6918670073144649
student817,1.0,4.0,4.0,pos,1.0,0,0.6352094594244639
student818,1.0,1.0,1.0,neg,1.0,0,0.6352094594244639
student819,1.0,10.0,10.0,neg,1.0,0,0.6352094594244639
student82,1.0,9.0,9.0,pos,1.0,0,0.6352094594244639
student820,1.0,10.0,10.0,pos,1.0,0,0.6352094594244639
student821,1.0,11.0,11.0,pos,1.0,0,0.6352094594244639
student822,2.0,2.0,4.0,neg,2.0,1,0.6918670073144649
student823,1.0,1.0,1.0,pos,1.0,0,0.6352094594244639
student824,1.0,7.0,7.0,neg,1.0,0,0.6352094594244639
student825,2.0,3.0,9.0,pos,2.0,1,0.6918670073144649
student826,1.0,5.0,5.0,neg,1.0,0,0.6352094594244639
student827,1.0,10.0,10.0,pos,1.0,0,0.6352094594244639
student828,1.0,5.0,5.0,pos,1.0,0,0.6352094594244639
student829,2.0,1.0,3.0,neg,2.0,1,0.6918670073144649
student83,1.0,5.0,5.0,pos,1.0,0,0.6352094594244639
student830,1.0,12.0,12.0,pos,1.0,0,0.6352094594244639
student831,1.0,11.0,11.0,pos,1.0,0,0.6352094594244639
student832,2.0,3.0,14.0,pos,2.0,1,0.6918670073144649
student833,1.0,6.0,6.0,neg,1.0,0,0.6352094594244639
student834,1.0,3.0,3.0,neg,1.0,0,0.6352094594244639
student835,2.0,2.0,6.0,pos,2.0,1,0.6918670073144649
student836,2.0,2.0,6.0,pos,2.0,1,0.6918670073144649
student837,1.0,3.0,3.0,neg,1.0,0,0.6352094594244639
student838,2.0,2.0,2.0,pos,2.0,1,0.6918670073144649
student839,1.0,10.0,10.0,neg,1.0,0,0.6352094594244639
student84,1.0,6.0,6.0,pos,1.0,0,0.6352094594244639
student840,2.0,5.0,11.0,pos,2.0,1,0.6918670073144649
student841,1.0,9.0,9.0,pos,1.0,0,0.6352094594244639
student842,2.0,6.0,15.0,pos,2.0,1,0.6918670073144649
student843,1.0,3.0,3.0,neg,1.0,0,0.6352094594244639
student844,2.0,3.0,7.0,neg,2.0,1,0.6918670073144649
student845,2.0,1.0,7.0,neg,2.0,1,0.6918670073144649
student846,1.0,10.0,10.0,pos,1.0,0,0.6352094594244639
student847,1.0,6.0,6.0,pos,1.0,0,0.6352094594244639
student848,1.0,9.0,9.0,neg,1.0,0,0.6352094594244639
student849,1.0,12.0,12.0,pos,1.0,0,0.6352094594244639
student85,1.0,7.0,7.0,neg,1.0,0,0.6352094594244639
student850,2.0,5.0,12.0,pos,2.0,1,0.6918670073144649
student851,2.0,3.0,5.0,neg,2.0,1,0.6918670073144649
student852,1.0,10.0,10.0,pos,1.0,0,0.6352094594244639
student853,1.0,6.0,6.0,neg,1.0,0,0.6352094594244639
student854,1.0,2.0,2.0,pos,1.0,0,0.6352094594244639
student855,1.0,9.0,9.0,pos,1.0,0,0.6352094594244639
student856,1.0,12.0,12.0,pos,1.0,0,0.6352094594244639
student857,1.0,2.0,2.0,neg,1.0,0,0.6352094594244639
student858,2.0,1.0,2.0,pos,2.0,1,0.6918670073144649
student859,1.0,10.0,10.0,pos,1.0,0,0.6352094594244639
student86,1.0,6.0,6.0,neg,1.0,0,0.6352094594244639
student860,2.0,1.0,6.0,neg,2.0,1,0.6918670073144649
student861,1.0,2.0,2.0,neg,1.0,0,0.6352094594244639
student862,1.0,1.0,1.0,neg,1.0,0,0.6352094594244639
student863,2.0,5.0,8.0,pos,2.0,1,0.6918670073144649
student864,2.0,1.0,9.0,pos,2.0,1,0.6918670073144649
student865,1.0,6.0,6.0,neg,1.0,0,0.6352094594244639
student866,1.0,6.0,6.0,pos,1.0,0,0.6352094594244639
student867,1.0,12.0,12.0,pos,1.0,0,0.6352094594244639
student868,1.0,6.0,6.0,pos,1.0,0,0.6352094594244639
student869,1.0,4.0,4.0,neg,1.0,0,0.6352094594244639
student87,2.0,2.0,3.0,neg,2.0,1,0.6918670073144649
student870,1.0,13.0,13.0,pos,1.0,0,0.6352094594244639
student871,2.0,2.0,12.0,pos,2.0,1,0.6918670073144649
student872,1.0,11.0,11.0,neg,1.0,0,0.6352094594244639
student873,1.0,9.0,9.0,neg,1.0,0,0.6352094594244639
student874,1.0,7.0,7.0,pos,1.0,0,0.6352094594244639
student875,1.0,2.0,2.0,neg,1.0,0,0.6352094594244639
student876,2.0,2.0,4.0,neg,2.0,1,0.6918670073144649
student877,1.0,10.0,10.0,pos,1.0,0,0.6352094594244639
student878,1.0,1.0,1.0,neg,1.0,0,0.6352094594244639
student879,2.0,3.0,8.0,pos,2.0,1,0.6918670073144649
student88,1.0,9.0,9.0,neg,1.0,0,0.6352094594244639
student880,1.0,11.0,11.0,neg,1.0,0,0.6352094594244639
student881,1.0,10.0,10.0,pos,1.0,0,0.6352094594244639
student882,1.0,9.0,9.0,neg,1.0,0,0.6352094594244639
student883,1.0,10.0,10.0,neg,1.0,0,0.6352094594244639
student884,1.0,9.0,9.0,neg,1.0,0,0.6352094594244639
student885,1.0,7.0,7.0,pos,1.0,0,0.6352094594244639
student886,1.0,11.0,11.0,neg,1.0,0,0.6352094594244639
student887,1.0,8.0,8.0,pos,1.0,0,0.6352094594244639
student888,2.0,3.0,6.0,pos,2.0,1,0.6918670073144649
student889,,,,neg,,0,0.4278326826709708
student89,1.0,5.0,5.0,neg,1.0,0,0.6352094594244639
student890,2.0,6.0,10.0,pos,2.0,1,0.6918670073144649
student891,1.0,5.0,5.0,pos,1.0,0,0.6352094594244639
student892,1.0,6.0,6.0,neg,1.0,0,0.6352094594244639
student893,1.0,9.0,9.0,pos,1.0,0,0.6352094594244639
student894,1.0,15.0,15.0,pos,1.0,0,0.6352094594244639
student895,2.0,1.0,12.0,pos,2.0,1,0.6918670073144649
student896,1.0,10.0,10.0,pos,1.0,0,0.6352094594244639
student897,1.0,12.0,12.0,pos,1.0,0,0.6352094594244639
student898,1.0,7.0,7.0,neg,1.0,0,0.6352094594244639
student899,1.0,4.0,4.0,neg,1.0,0,0.6352094594244639
student9,1.0,2.0,2.0,pos,1.0,0,0.6352094594244639
student90,2.0,5.0,12.0,pos,2.0,1,0.6918670073144649
student900,2.0,2.0,3.0,neg,2.0,1,0.6918670073144649
student901,1.0,10.0,10.0,pos,1.0,0,0.6352094594244639
student902,1.0,4.0,4.0,pos,1.0,0,0.6352094594244639
student903,,,,neg,,0,0.4278326826709708
student904,1.0,11.0,11.0,pos,1.0,0,0.6352094594244639
student905,1.0,13.0,13.0,pos,1.0,0,0.6352094594244639
student906,1.0,8.0,8.0,pos,1.0,0,0.6352094594244639
student907,1.0,7.0,7.0,neg,1.0,0,0.6352094594244639
student908,1.0,11.0,11.0,pos,1.0,0,0.6352094594244639
student909,1.0,8.0,8.0,pos,1.0,0,0.6352094594244639
student91,2.0,4.0,5.0,pos,2.0,1,0.6918670073144649
student910,1.0,12.0,12.0,pos,1.0,0,0.6352094594244639
student911,1.0,10.0,10.0,neg,1.0,0,0.6352094594244639
student912,1.0,4.0,4.0,neg,1.0,0,0.6352094594244639
student913,1.0,8.0,8.0,pos,1.0,0,0.6352094594244639
student914,1.0,4.0,4.0,neg,1.0,0,0.6352094594244639
student915,1.0,2.0,2.0,pos,1.0,0,0.6352094594244639
student916,1.0,2.0,2.0,pos,1.0,0,0.6352094594244639
student917,1.0,6.0,6.0,neg,1.0,0,0.6352094594244639
student918,1.0,11.0,11.0,pos,1.0,0,0.6352094594244639
student919,2.0,3.0,4.0,neg,2.0,1,0.6918670073144649
student92,1.0,4.0,4.0,pos,1.0,0,0.6352094594244639
student920,1.0,12.0,12.0,pos,1.0,0,0.6352094594244639
student921,1.0,2.0,2.0,neg,1.0,0,0.6352094594244639
student922,1.0,4.0,4.0,neg,1.0,0,0.6352094594244639
student923,2.0,4.0,10.0,pos,2.0,1,0.6918670073144649
student924,2.0,1.0,5.0,pos,2.0,1,0.6918670073144649
student925,2.0,1.0,10.0,neg,2.0,1,0.6918670073144649
student926,1.0,9.0,9.0,pos,1.0,0,0.6352094594244639
student927,2.0,3.0,12.0,pos,2.0,1,0.6918670073144649
student928,1.0,8.0,8.0,pos,1.0,0,0.6352094594244639
student929,1.0,4.0,4.0,neg,1.0,0,0.6352094594244639
student93,1.0,11.0,11.0,pos,1.0,0,0.6352094594244639
student930,1.0,11.0,11.0,neg,1.0,0,0.6352094594244639
student931,2.0,2.0,3.0,neg,2.0,1,0.6918670073144649
student932,1.0,4.0,4.0,pos,1.0,0,0.6352094594244639
student933,1.0,1.0,1.0,neg,1.0,0,0.6352094594244639
student934,1.0,2.0,2.0,neg,1.0,0,0.6352094594244639
student935,1.0,7.0,7.0,pos,1.0,0,0.6352094594244639
student936,2.0,6.0,9.0,pos,2.0,1,0.6918670073144649
student937,1.0,1.0,1.0,pos,1.0,0,0.6352094594244639
student938,2.0,2.0,11.0,neg,2.0,1,0.6918670073144649
student939,1.0,3.0,3.0,neg,1.0,0,0.6352094594244639
student94,1.0,5.0,5.0,pos,1.0,0,0.6352094594244639
student940,1.0,12.0,12.0,pos,1.0,0,0.6352094594244639
student941,,,,neg,,0,0.4278326826709708
student942,2.0,3.0,4.0,pos,2.0,1,0.6918670073144649
student943,1.0,7.0,7.0,pos,1.0,0,0.6352094594244639
student944,1.0,2.0,2.0,neg,1.0,0,0.6352094594244639
student945,1.0,12.0,12.0,pos,1.0,0,0.6352094594244639
student946,2.0,1.0,6.0,pos,2.0,1,0.6918670073144649
student947,1.0,9.0,9.0,pos,1.0,0,0.6352094594244639
student948,2.0,1.0,3.0,pos,2.0,1,0.6918670073144649
student949,1.0,12.0,12.0,pos,1.0,0,0.6352094594244639
student95,2.0,4.0,10.0,pos,2.0,1,0.6918670073144649
student950,1.0,7.0,7.0,pos,1.0,0,0.6352094594244639
student951,1.0,3.0,3.0,neg,1.0,0,0.6352094594244639
student952,1.0,2.0,2.0,pos,1.0,0,0.6352094594244639
student953,2.0,1.0,7.0,pos,2.0,1,0.6918670073144649
student954,2.0,3.0,4.0,neg,2.0,1,0.6918670073144649
student955,1.0,12.0,12.0,pos,1.0,0,0.6352094594244639
student956,1.0,5.0,5.0,pos,1.0,0,0.6352094594244639
student957,,,,neg,,0,0.4278326826709708
student958,1.0,6.0,6.0,pos,1.0,0,0.6352094594244639
student959,2.0,3.0,12.0,pos,2.0,1,0.6918670073144649
student96,1.0,8.0,8.0,pos,1.0,0,0.6352094594244639
student960,2.0,1.0,2.0,neg,2.0,1,0.6918670073144649
student961,2.0,2.0,9.0,neg,2.0,1,0.6918670073144649
student962,1.0,10.0,10.0,pos,1.0,0,0.6352094594244639
student963,1.0,11.0,11.0,pos,1.0,0,0.6352094594244639
student964,1.0,11.0,11.0,neg,1.0,0,0.6352094594244639
student965,1.0,3.0,3.0,neg,1.0,0,0.6352094594244639
student966,1.0,2.0,2.0,neg,1.0,0,0.6352094594244639
student967,1.0,12.0,12.0,pos,1.0,0,0.6352094594244639
student968,1.0,12.0,12.0,pos,1.0,0,0.6352094594244639
student969,2.0,1.0,8.0,pos,2.0,1,0.6918670073144649
student97,1.0,6.0,6.0,pos,1.0,0,0.6352094594244639
student970,1.0,10.0,10.0,pos,1.0,0,0.6352094594244639
student971,1.0,2.0,2.0,neg,1.0,0,0.6352094594244639
student972,1.0,10.0,10.0,pos,1.0,0,0.6352094594244639
student973,1.0,1.0,1.0,neg,1.0,0,0.6352094594244639
student974,1.0,3.0,3.0,neg,1.0,0,0.6352094594244639
student975,2.0,2.0,4.0,pos,2.0,1,0.6918670073144649
student976,1.0,11.0,11.0,pos,1.0,0,0.6352094594244639
student977,1.0,11.0,11.0,pos,1.0,0,0.6352094594244639
student978,2.0,1.0,7.0,neg,2.0,1,0.6918670073144649
student979,1.0,7.0,7.0,neg,1.0,0,0.6352094594244639
student98,1.0,5.0,5.0,neg,1.0,0,0.6352094594244639
student980,1.0,8.0,8.0,neg,1.0,0,0.6352094594244639
student981,1.0,10.0,10.0,pos,1.0,0,0.6352094594244639
student982,2.0,4.0,4.0,neg,2.0,1,0.6918670073144649
student983,2.0,5.0,13.0,pos,2.0,1,0.6918670073144649
student984,2.0,3.0,8.0,pos,2.0,1,0.6918670073144649
student985,1.0,1.0,1.0,pos,1.0,0,0.6352094594244639
student986,1.0,3.0,3.0,neg,1.0,0,0.6352094594244639
student987,1.0,12.0,12.0,pos,1.0,0,0.6352094594244639
student988,,,,neg,,0,0.4278326826709708
student989,1.0,12.0,12.0,pos,1.0,0,0.6352094594244639
student99,1.0,9.0,9.0,pos,1.0,0,0.6352094594244639
student990,1.0,10.0,10.0,pos,1.0,0,0.6352094594244639
student991,2.0,2.0,4.0,neg,2.0,1,0.6918670073144649
student992,2.0,1.0,11.0,pos,2.0,1,0.6918670073144649
student993,1.0,6.0,6.0,pos,1.0,0,0.6352094594244639
student994,1.0,9.0,9.0,pos,1.0,0,0.6352094594244639
student995,2.0,3.0,9.0,neg,2.0,1,0.6918670073144649
student996,1.0,11.0,11.0,pos,1.0,0,0.6352094594244639
student997,1.0,10.0,10.0,neg,1.0,0,0.6352094594244639
student998,2.0,1.0,1.0,pos,2.0,1,0.6918670073144649
student999,1.0,4.0,4.0,pos,1.0,0,0.6352094594244639
